,average,std
RainbowAgent1,18.6,2.5473297566057065
RainbowAgent2,18.7,3.683295625749672
RainbowAgent3,20.8,1.9888578520235065
RainbowAgent4,19.8,2.7406406388125952
RainbowAgent5,18.9,2.282785822435191
